{
  "accelerometer": {
    "M": [
      [
        1.0015821441721713,
        0.0,
        0.0
      ],
      [
        0.0,
        1.0040884033570476,
        0.0
      ],
      [
        0.0,
        0.0,
        1.0065974654110372
      ]
    ],
    "b": [
      -311.77047334946747,
      103.26380368098216,
      329.317130087039
    ]
  },
  "magnetometer": {
    "hard_iron": [
      -19.482912832510266,
      -240.03603727973277,
      79.77496817949192
    ],
    "soft_iron": [
      [
        694.0919109328892,
        63.274217546313686,
        93.76263501509064
      ],
      [
        63.274217546313686,
        632.9178284069754,
        105.18683021013413
      ],
      [
        93.76263501509072,
        105.18683021013413,
        766.3544935713777
      ]
    ]
  }
}